,Correlação 2022-2023, p-valor
Índice de Acesso a Capital,0.351648224,0.000311057
Índice de Ambiente Regulatório,-0.07029703,0.48483482
Índice de Capital Humano,0.12446127,0.214946123
Índice de Cultura,-0.191204171,0.055445229
Índice de Infraestrutura,-0.046709377,0.642766908
Índice de Inovação,0.154199185,0.123653698
Índice de Mercado,-0.026057076,0.795901663
Índice Cidades Empreendendoras,0.033221895,0.741542681
