,Correlação 2022-2023, p-valor
Índice de Acesso a Capital,0.351648224,0.000311057
Índice de Ambiente Regulatório,0.047920792,0.634162037
Índice de Capital Humano,0.12446127,0.214946123
Índice de Cultura,0.108859688,0.278527649
Índice de Infraestrutura,0.087850903,0.382340639
Índice de Inovação,0.201106581,0.043738143
Índice de Mercado,0.022306348,0.82477073
Índice Cidades Empreendendoras,0.338864492,0.000527664
